﻿<?xml version="1.0" encoding="utf-8"?>
<Settings>
  <GlobalSetting>
    <WorkingInterval>30</WorkingInterval>
    <NetworkDelay>3000</NetworkDelay>
  </GlobalSetting>
  <AccountSettings>
    <AccountSetting>
      <LoginEmail>Farmer-01@tom.com</LoginEmail>
      <LoginPassword>8888888888</LoginPassword>
      <IsOperate>1</IsOperate>
      <AutoFarm>1</AutoFarm>
      <Crops>胡萝卜</Crops>
      <AutoWater>1</AutoWater>
      <WaterLowLimit>4</WaterLowLimit>
      <FriendWaterLowLimit>0</FriendWaterLowLimit>
      <AutoVermin>1</AutoVermin>
      <AutoPlough>1</AutoPlough>
      <AutoBuySeed>1</AutoBuySeed>
      <Seed>胡萝卜</Seed>
      <AutoHavest>1</AutoHavest>
      <AutoGrass>1</AutoGrass>
      <AutoSell>1</AutoSell>
      <IsUsingPrivateSetting>1</IsUsingPrivateSetting>
      <FriendSettings>
        <FriendSetting>
          <UID>18375424</UID>
          <Name>孙发</Name>
          <Plough>0</Plough>
          <Water>0</Water>
          <Farm>0</Farm>
          <Vermin>0</Vermin>
          <Steal>0</Steal>
          <Grass>0</Grass>
        </FriendSetting>
        <FriendSetting>
          <UID>18375436</UID>
          <Name>薛信</Name>
          <Plough>0</Plough>
          <Water>0</Water>
          <Farm>0</Farm>
          <Vermin>0</Vermin>
          <Steal>0</Steal>
          <Grass>0</Grass>
        </FriendSetting>
        <FriendSetting>
          <UID>18375454</UID>
          <Name>黄芸</Name>
          <Plough>0</Plough>
          <Water>0</Water>
          <Farm>0</Farm>
          <Vermin>0</Vermin>
          <Steal>0</Steal>
          <Grass>0</Grass>
        </FriendSetting>
        <FriendSetting>
          <UID>18375463</UID>
          <Name>方光</Name>
          <Plough>0</Plough>
          <Water>0</Water>
          <Farm>0</Farm>
          <Vermin>0</Vermin>
          <Steal>0</Steal>
          <Grass>0</Grass>
        </FriendSetting>
        <FriendSetting>
          <UID>18375478</UID>
          <Name>薛珍琳</Name>
          <Plough>0</Plough>
          <Water>0</Water>
          <Farm>0</Farm>
          <Vermin>0</Vermin>
          <Steal>0</Steal>
          <Grass>0</Grass>
        </FriendSetting>
        <FriendSetting>
          <UID>18375510</UID>
          <Name>余蕊</Name>
          <Plough>0</Plough>
          <Water>0</Water>
          <Farm>0</Farm>
          <Vermin>0</Vermin>
          <Steal>0</Steal>
          <Grass>0</Grass>
        </FriendSetting>
        <FriendSetting>
          <UID>18375520</UID>
          <Name>王枫静</Name>
          <Plough>0</Plough>
          <Water>0</Water>
          <Farm>0</Farm>
          <Vermin>0</Vermin>
          <Steal>0</Steal>
          <Grass>0</Grass>
        </FriendSetting>
        <FriendSetting>
          <UID>18375536</UID>
          <Name>武志宁</Name>
          <Plough>0</Plough>
          <Water>0</Water>
          <Farm>0</Farm>
          <Vermin>0</Vermin>
          <Steal>0</Steal>
          <Grass>0</Grass>
        </FriendSetting>
        <FriendSetting>
          <UID>18375544</UID>
          <Name>魏静</Name>
          <Plough>0</Plough>
          <Water>0</Water>
          <Farm>0</Farm>
          <Vermin>0</Vermin>
          <Steal>0</Steal>
          <Grass>0</Grass>
        </FriendSetting>
      </FriendSettings>
    </AccountSetting>
    <AccountSetting>
      <LoginEmail>Farmer-02@tom.com</LoginEmail>
      <LoginPassword>8888888888</LoginPassword>
      <IsOperate>1</IsOperate>
      <AutoFarm>1</AutoFarm>
      <Crops>胡萝卜</Crops>
      <AutoWater>1</AutoWater>
      <WaterLowLimit>0</WaterLowLimit>
      <FriendWaterLowLimit>4</FriendWaterLowLimit>
      <AutoVermin>1</AutoVermin>
      <AutoPlough>1</AutoPlough>
      <AutoBuySeed>1</AutoBuySeed>
      <Seed>胡萝卜</Seed>
      <AutoHavest>1</AutoHavest>
      <AutoGrass>1</AutoGrass>
      <AutoSell>1</AutoSell>
      <IsUsingPrivateSetting>1</IsUsingPrivateSetting>
      <FriendSettings>
        <FriendSetting>
          <UID>18374099</UID>
          <Name>陆韵兰</Name>
          <Plough>0</Plough>
          <Water>1</Water>
          <Farm>0</Farm>
          <Vermin>0</Vermin>
          <Steal>1</Steal>
          <Grass>0</Grass>
        </FriendSetting>
        <FriendSetting>
          <UID>18375436</UID>
          <Name>薛信</Name>
          <Plough>0</Plough>
          <Water>0</Water>
          <Farm>0</Farm>
          <Vermin>0</Vermin>
          <Steal>0</Steal>
          <Grass>0</Grass>
        </FriendSetting>
        <FriendSetting>
          <UID>18375454</UID>
          <Name>黄芸</Name>
          <Plough>0</Plough>
          <Water>0</Water>
          <Farm>0</Farm>
          <Vermin>0</Vermin>
          <Steal>0</Steal>
          <Grass>0</Grass>
        </FriendSetting>
        <FriendSetting>
          <UID>18375463</UID>
          <Name>方光</Name>
          <Plough>0</Plough>
          <Water>0</Water>
          <Farm>0</Farm>
          <Vermin>0</Vermin>
          <Steal>0</Steal>
          <Grass>0</Grass>
        </FriendSetting>
        <FriendSetting>
          <UID>18375510</UID>
          <Name>余蕊</Name>
          <Plough>0</Plough>
          <Water>0</Water>
          <Farm>0</Farm>
          <Vermin>0</Vermin>
          <Steal>0</Steal>
          <Grass>0</Grass>
        </FriendSetting>
        <FriendSetting>
          <UID>18375520</UID>
          <Name>王枫静</Name>
          <Plough>0</Plough>
          <Water>0</Water>
          <Farm>0</Farm>
          <Vermin>0</Vermin>
          <Steal>0</Steal>
          <Grass>0</Grass>
        </FriendSetting>
        <FriendSetting>
          <UID>18375544</UID>
          <Name>魏静</Name>
          <Plough>0</Plough>
          <Water>0</Water>
          <Farm>0</Farm>
          <Vermin>0</Vermin>
          <Steal>0</Steal>
          <Grass>0</Grass>
        </FriendSetting>
        <FriendSetting>
          <UID>18375536</UID>
          <Name>武志宁</Name>
          <Plough>0</Plough>
          <Water>0</Water>
          <Farm>0</Farm>
          <Vermin>0</Vermin>
          <Steal>0</Steal>
          <Grass>0</Grass>
        </FriendSetting>
        <FriendSetting>
          <UID>18375478</UID>
          <Name>薛珍琳</Name>
          <Plough>0</Plough>
          <Water>0</Water>
          <Farm>0</Farm>
          <Vermin>0</Vermin>
          <Steal>0</Steal>
          <Grass>0</Grass>
        </FriendSetting>
      </FriendSettings>
    </AccountSetting>
    <AccountSetting>
      <LoginEmail>Farmer-03@tom.com</LoginEmail>
      <LoginPassword>8888888888</LoginPassword>
      <IsOperate>1</IsOperate>
      <AutoFarm>1</AutoFarm>
      <Crops>胡萝卜</Crops>
      <AutoWater>1</AutoWater>
      <WaterLowLimit>4</WaterLowLimit>
      <FriendWaterLowLimit>4</FriendWaterLowLimit>
      <AutoVermin>1</AutoVermin>
      <AutoPlough>1</AutoPlough>
      <AutoBuySeed>1</AutoBuySeed>
      <Seed>胡萝卜</Seed>
      <AutoHavest>1</AutoHavest>
      <AutoGrass>1</AutoGrass>
      <AutoSell>1</AutoSell>
      <IsUsingPrivateSetting>1</IsUsingPrivateSetting>
      <FriendSettings>
        <FriendSetting>
          <UID>18374099</UID>
          <Name>陆韵兰</Name>
          <Plough>0</Plough>
          <Water>1</Water>
          <Farm>0</Farm>
          <Vermin>0</Vermin>
          <Steal>1</Steal>
          <Grass>0</Grass>
        </FriendSetting>
        <FriendSetting>
          <UID>18375424</UID>
          <Name>孙发</Name>
          <Plough>0</Plough>
          <Water>0</Water>
          <Farm>0</Farm>
          <Vermin>0</Vermin>
          <Steal>0</Steal>
          <Grass>0</Grass>
        </FriendSetting>
        <FriendSetting>
          <UID>18375454</UID>
          <Name>黄芸</Name>
          <Plough>0</Plough>
          <Water>0</Water>
          <Farm>0</Farm>
          <Vermin>0</Vermin>
          <Steal>0</Steal>
          <Grass>0</Grass>
        </FriendSetting>
        <FriendSetting>
          <UID>18375463</UID>
          <Name>方光</Name>
          <Plough>0</Plough>
          <Water>0</Water>
          <Farm>0</Farm>
          <Vermin>0</Vermin>
          <Steal>0</Steal>
          <Grass>0</Grass>
        </FriendSetting>
        <FriendSetting>
          <UID>18375478</UID>
          <Name>薛珍琳</Name>
          <Plough>0</Plough>
          <Water>0</Water>
          <Farm>0</Farm>
          <Vermin>0</Vermin>
          <Steal>0</Steal>
          <Grass>0</Grass>
        </FriendSetting>
        <FriendSetting>
          <UID>18375510</UID>
          <Name>余蕊</Name>
          <Plough>0</Plough>
          <Water>0</Water>
          <Farm>0</Farm>
          <Vermin>0</Vermin>
          <Steal>0</Steal>
          <Grass>0</Grass>
        </FriendSetting>
        <FriendSetting>
          <UID>18375544</UID>
          <Name>魏静</Name>
          <Plough>0</Plough>
          <Water>0</Water>
          <Farm>0</Farm>
          <Vermin>0</Vermin>
          <Steal>0</Steal>
          <Grass>0</Grass>
        </FriendSetting>
        <FriendSetting>
          <UID>18375536</UID>
          <Name>武志宁</Name>
          <Plough>0</Plough>
          <Water>0</Water>
          <Farm>0</Farm>
          <Vermin>0</Vermin>
          <Steal>0</Steal>
          <Grass>0</Grass>
        </FriendSetting>
        <FriendSetting>
          <UID>18375520</UID>
          <Name>王枫静</Name>
          <Plough>0</Plough>
          <Water>0</Water>
          <Farm>0</Farm>
          <Vermin>0</Vermin>
          <Steal>0</Steal>
          <Grass>0</Grass>
        </FriendSetting>
      </FriendSettings>
    </AccountSetting>
    <AccountSetting>
      <LoginEmail>Farmer-04@tom.com</LoginEmail>
      <LoginPassword>8888888888</LoginPassword>
      <IsOperate>1</IsOperate>
      <AutoFarm>1</AutoFarm>
      <Crops>胡萝卜</Crops>
      <AutoWater>1</AutoWater>
      <WaterLowLimit>4</WaterLowLimit>
      <FriendWaterLowLimit>4</FriendWaterLowLimit>
      <AutoVermin>1</AutoVermin>
      <AutoPlough>1</AutoPlough>
      <AutoBuySeed>1</AutoBuySeed>
      <Seed>胡萝卜</Seed>
      <AutoHavest>1</AutoHavest>
      <AutoGrass>1</AutoGrass>
      <AutoSell>1</AutoSell>
      <IsUsingPrivateSetting>1</IsUsingPrivateSetting>
      <FriendSettings>
        <FriendSetting>
          <UID>18374099</UID>
          <Name>陆韵兰</Name>
          <Plough>0</Plough>
          <Water>1</Water>
          <Farm>0</Farm>
          <Vermin>0</Vermin>
          <Steal>1</Steal>
          <Grass>0</Grass>
        </FriendSetting>
        <FriendSetting>
          <UID>18375436</UID>
          <Name>薛信</Name>
          <Plough>0</Plough>
          <Water>0</Water>
          <Farm>0</Farm>
          <Vermin>0</Vermin>
          <Steal>0</Steal>
          <Grass>0</Grass>
        </FriendSetting>
        <FriendSetting>
          <UID>18375424</UID>
          <Name>孙发</Name>
          <Plough>0</Plough>
          <Water>0</Water>
          <Farm>0</Farm>
          <Vermin>0</Vermin>
          <Steal>0</Steal>
          <Grass>0</Grass>
        </FriendSetting>
        <FriendSetting>
          <UID>18375463</UID>
          <Name>方光</Name>
          <Plough>0</Plough>
          <Water>0</Water>
          <Farm>0</Farm>
          <Vermin>0</Vermin>
          <Steal>0</Steal>
          <Grass>0</Grass>
        </FriendSetting>
        <FriendSetting>
          <UID>18375478</UID>
          <Name>薛珍琳</Name>
          <Plough>0</Plough>
          <Water>0</Water>
          <Farm>0</Farm>
          <Vermin>0</Vermin>
          <Steal>0</Steal>
          <Grass>0</Grass>
        </FriendSetting>
        <FriendSetting>
          <UID>18375510</UID>
          <Name>余蕊</Name>
          <Plough>0</Plough>
          <Water>0</Water>
          <Farm>0</Farm>
          <Vermin>0</Vermin>
          <Steal>0</Steal>
          <Grass>0</Grass>
        </FriendSetting>
        <FriendSetting>
          <UID>18375520</UID>
          <Name>王枫静</Name>
          <Plough>0</Plough>
          <Water>0</Water>
          <Farm>0</Farm>
          <Vermin>0</Vermin>
          <Steal>0</Steal>
          <Grass>0</Grass>
        </FriendSetting>
        <FriendSetting>
          <UID>18375536</UID>
          <Name>武志宁</Name>
          <Plough>0</Plough>
          <Water>0</Water>
          <Farm>0</Farm>
          <Vermin>0</Vermin>
          <Steal>0</Steal>
          <Grass>0</Grass>
        </FriendSetting>
        <FriendSetting>
          <UID>18375544</UID>
          <Name>魏静</Name>
          <Plough>0</Plough>
          <Water>0</Water>
          <Farm>0</Farm>
          <Vermin>0</Vermin>
          <Steal>0</Steal>
          <Grass>0</Grass>
        </FriendSetting>
      </FriendSettings>
    </AccountSetting>
    <AccountSetting>
      <LoginEmail>Farmer-05@tom.com</LoginEmail>
      <LoginPassword>8888888888</LoginPassword>
      <IsOperate>1</IsOperate>
      <AutoFarm>1</AutoFarm>
      <Crops>胡萝卜</Crops>
      <AutoWater>1</AutoWater>
      <WaterLowLimit>4</WaterLowLimit>
      <FriendWaterLowLimit>4</FriendWaterLowLimit>
      <AutoVermin>1</AutoVermin>
      <AutoPlough>1</AutoPlough>
      <AutoBuySeed>1</AutoBuySeed>
      <Seed>胡萝卜</Seed>
      <AutoHavest>1</AutoHavest>
      <AutoGrass>1</AutoGrass>
      <AutoSell>1</AutoSell>
      <IsUsingPrivateSetting>1</IsUsingPrivateSetting>
      <FriendSettings>
        <FriendSetting>
          <UID>18374099</UID>
          <Name>陆韵兰</Name>
          <Plough>0</Plough>
          <Water>1</Water>
          <Farm>0</Farm>
          <Vermin>0</Vermin>
          <Steal>1</Steal>
          <Grass>0</Grass>
        </FriendSetting>
        <FriendSetting>
          <UID>18375454</UID>
          <Name>黄芸</Name>
          <Plough>0</Plough>
          <Water>0</Water>
          <Farm>0</Farm>
          <Vermin>0</Vermin>
          <Steal>0</Steal>
          <Grass>0</Grass>
        </FriendSetting>
        <FriendSetting>
          <UID>18375436</UID>
          <Name>薛信</Name>
          <Plough>0</Plough>
          <Water>0</Water>
          <Farm>0</Farm>
          <Vermin>0</Vermin>
          <Steal>0</Steal>
          <Grass>0</Grass>
        </FriendSetting>
        <FriendSetting>
          <UID>18375424</UID>
          <Name>孙发</Name>
          <Plough>0</Plough>
          <Water>0</Water>
          <Farm>0</Farm>
          <Vermin>0</Vermin>
          <Steal>0</Steal>
          <Grass>0</Grass>
        </FriendSetting>
        <FriendSetting>
          <UID>18375478</UID>
          <Name>薛珍琳</Name>
          <Plough>0</Plough>
          <Water>0</Water>
          <Farm>0</Farm>
          <Vermin>0</Vermin>
          <Steal>0</Steal>
          <Grass>0</Grass>
        </FriendSetting>
        <FriendSetting>
          <UID>18375510</UID>
          <Name>余蕊</Name>
          <Plough>0</Plough>
          <Water>0</Water>
          <Farm>0</Farm>
          <Vermin>0</Vermin>
          <Steal>0</Steal>
          <Grass>0</Grass>
        </FriendSetting>
        <FriendSetting>
          <UID>18375520</UID>
          <Name>王枫静</Name>
          <Plough>0</Plough>
          <Water>0</Water>
          <Farm>0</Farm>
          <Vermin>0</Vermin>
          <Steal>0</Steal>
          <Grass>0</Grass>
        </FriendSetting>
        <FriendSetting>
          <UID>18375536</UID>
          <Name>武志宁</Name>
          <Plough>0</Plough>
          <Water>0</Water>
          <Farm>0</Farm>
          <Vermin>0</Vermin>
          <Steal>0</Steal>
          <Grass>0</Grass>
        </FriendSetting>
        <FriendSetting>
          <UID>18375544</UID>
          <Name>魏静</Name>
          <Plough>0</Plough>
          <Water>0</Water>
          <Farm>0</Farm>
          <Vermin>0</Vermin>
          <Steal>0</Steal>
          <Grass>0</Grass>
        </FriendSetting>
      </FriendSettings>
    </AccountSetting>
    <AccountSetting>
      <LoginEmail>Farmer-06@tom.com</LoginEmail>
      <LoginPassword>8888888888</LoginPassword>
      <IsOperate>1</IsOperate>
      <AutoFarm>1</AutoFarm>
      <Crops>胡萝卜</Crops>
      <AutoWater>1</AutoWater>
      <WaterLowLimit>4</WaterLowLimit>
      <FriendWaterLowLimit>4</FriendWaterLowLimit>
      <AutoVermin>1</AutoVermin>
      <AutoPlough>1</AutoPlough>
      <AutoBuySeed>1</AutoBuySeed>
      <Seed>胡萝卜</Seed>
      <AutoHavest>1</AutoHavest>
      <AutoGrass>1</AutoGrass>
      <AutoSell>1</AutoSell>
      <IsUsingPrivateSetting>1</IsUsingPrivateSetting>
      <FriendSettings>
        <FriendSetting>
          <UID>18374099</UID>
          <Name>陆韵兰</Name>
          <Plough>0</Plough>
          <Water>1</Water>
          <Farm>0</Farm>
          <Vermin>0</Vermin>
          <Steal>1</Steal>
          <Grass>0</Grass>
        </FriendSetting>
        <FriendSetting>
          <UID>18375463</UID>
          <Name>方光</Name>
          <Plough>0</Plough>
          <Water>0</Water>
          <Farm>0</Farm>
          <Vermin>0</Vermin>
          <Steal>0</Steal>
          <Grass>0</Grass>
        </FriendSetting>
        <FriendSetting>
          <UID>18375454</UID>
          <Name>黄芸</Name>
          <Plough>0</Plough>
          <Water>0</Water>
          <Farm>0</Farm>
          <Vermin>0</Vermin>
          <Steal>0</Steal>
          <Grass>0</Grass>
        </FriendSetting>
        <FriendSetting>
          <UID>18375436</UID>
          <Name>薛信</Name>
          <Plough>0</Plough>
          <Water>0</Water>
          <Farm>0</Farm>
          <Vermin>0</Vermin>
          <Steal>0</Steal>
          <Grass>0</Grass>
        </FriendSetting>
        <FriendSetting>
          <UID>18375510</UID>
          <Name>余蕊</Name>
          <Plough>0</Plough>
          <Water>0</Water>
          <Farm>0</Farm>
          <Vermin>0</Vermin>
          <Steal>0</Steal>
          <Grass>0</Grass>
        </FriendSetting>
        <FriendSetting>
          <UID>18375536</UID>
          <Name>武志宁</Name>
          <Plough>0</Plough>
          <Water>0</Water>
          <Farm>0</Farm>
          <Vermin>0</Vermin>
          <Steal>0</Steal>
          <Grass>0</Grass>
        </FriendSetting>
        <FriendSetting>
          <UID>18375424</UID>
          <Name>孙发</Name>
          <Plough>0</Plough>
          <Water>0</Water>
          <Farm>0</Farm>
          <Vermin>0</Vermin>
          <Steal>0</Steal>
          <Grass>0</Grass>
        </FriendSetting>
        <FriendSetting>
          <UID>18375544</UID>
          <Name>魏静</Name>
          <Plough>0</Plough>
          <Water>0</Water>
          <Farm>0</Farm>
          <Vermin>0</Vermin>
          <Steal>0</Steal>
          <Grass>0</Grass>
        </FriendSetting>
        <FriendSetting>
          <UID>18375520</UID>
          <Name>王枫静</Name>
          <Plough>0</Plough>
          <Water>0</Water>
          <Farm>0</Farm>
          <Vermin>0</Vermin>
          <Steal>0</Steal>
          <Grass>0</Grass>
        </FriendSetting>
      </FriendSettings>
    </AccountSetting>
    <AccountSetting>
      <LoginEmail>Farmer-07@tom.com</LoginEmail>
      <LoginPassword>8888888888</LoginPassword>
      <IsOperate>1</IsOperate>
      <AutoFarm>1</AutoFarm>
      <Crops>胡萝卜</Crops>
      <AutoWater>1</AutoWater>
      <WaterLowLimit>4</WaterLowLimit>
      <FriendWaterLowLimit>4</FriendWaterLowLimit>
      <AutoVermin>1</AutoVermin>
      <AutoPlough>1</AutoPlough>
      <AutoBuySeed>1</AutoBuySeed>
      <Seed>胡萝卜</Seed>
      <AutoHavest>1</AutoHavest>
      <AutoGrass>1</AutoGrass>
      <AutoSell>1</AutoSell>
      <IsUsingPrivateSetting>1</IsUsingPrivateSetting>
      <FriendSettings>
        <FriendSetting>
          <UID>18374099</UID>
          <Name>陆韵兰</Name>
          <Plough>0</Plough>
          <Water>1</Water>
          <Farm>0</Farm>
          <Vermin>0</Vermin>
          <Steal>1</Steal>
          <Grass>0</Grass>
        </FriendSetting>
        <FriendSetting>
          <UID>18375478</UID>
          <Name>薛珍琳</Name>
          <Plough>0</Plough>
          <Water>0</Water>
          <Farm>0</Farm>
          <Vermin>0</Vermin>
          <Steal>0</Steal>
          <Grass>0</Grass>
        </FriendSetting>
        <FriendSetting>
          <UID>18375463</UID>
          <Name>方光</Name>
          <Plough>0</Plough>
          <Water>0</Water>
          <Farm>0</Farm>
          <Vermin>0</Vermin>
          <Steal>0</Steal>
          <Grass>0</Grass>
        </FriendSetting>
        <FriendSetting>
          <UID>18375454</UID>
          <Name>黄芸</Name>
          <Plough>0</Plough>
          <Water>0</Water>
          <Farm>0</Farm>
          <Vermin>0</Vermin>
          <Steal>0</Steal>
          <Grass>0</Grass>
        </FriendSetting>
        <FriendSetting>
          <UID>18375436</UID>
          <Name>薛信</Name>
          <Plough>0</Plough>
          <Water>0</Water>
          <Farm>0</Farm>
          <Vermin>0</Vermin>
          <Steal>0</Steal>
          <Grass>0</Grass>
        </FriendSetting>
        <FriendSetting>
          <UID>18375424</UID>
          <Name>孙发</Name>
          <Plough>0</Plough>
          <Water>0</Water>
          <Farm>0</Farm>
          <Vermin>0</Vermin>
          <Steal>0</Steal>
          <Grass>0</Grass>
        </FriendSetting>
        <FriendSetting>
          <UID>18375536</UID>
          <Name>武志宁</Name>
          <Plough>0</Plough>
          <Water>0</Water>
          <Farm>0</Farm>
          <Vermin>0</Vermin>
          <Steal>0</Steal>
          <Grass>0</Grass>
        </FriendSetting>
        <FriendSetting>
          <UID>18375544</UID>
          <Name>魏静</Name>
          <Plough>0</Plough>
          <Water>0</Water>
          <Farm>0</Farm>
          <Vermin>0</Vermin>
          <Steal>0</Steal>
          <Grass>0</Grass>
        </FriendSetting>
        <FriendSetting>
          <UID>18375520</UID>
          <Name>王枫静</Name>
          <Plough>0</Plough>
          <Water>0</Water>
          <Farm>0</Farm>
          <Vermin>0</Vermin>
          <Steal>0</Steal>
          <Grass>0</Grass>
        </FriendSetting>
      </FriendSettings>
    </AccountSetting>
    <AccountSetting>
      <LoginEmail>Farmer-08@tom.com</LoginEmail>
      <LoginPassword>8888888888</LoginPassword>
      <IsOperate>1</IsOperate>
      <AutoFarm>1</AutoFarm>
      <Crops>胡萝卜</Crops>
      <AutoWater>1</AutoWater>
      <WaterLowLimit>4</WaterLowLimit>
      <FriendWaterLowLimit>4</FriendWaterLowLimit>
      <AutoVermin>1</AutoVermin>
      <AutoPlough>1</AutoPlough>
      <AutoBuySeed>1</AutoBuySeed>
      <Seed>胡萝卜</Seed>
      <AutoHavest>1</AutoHavest>
      <AutoGrass>1</AutoGrass>
      <AutoSell>1</AutoSell>
      <IsUsingPrivateSetting>1</IsUsingPrivateSetting>
      <FriendSettings>
        <FriendSetting>
          <UID>18374099</UID>
          <Name>陆韵兰</Name>
          <Plough>0</Plough>
          <Water>1</Water>
          <Farm>0</Farm>
          <Vermin>0</Vermin>
          <Steal>1</Steal>
          <Grass>0</Grass>
        </FriendSetting>
        <FriendSetting>
          <UID>18375463</UID>
          <Name>方光</Name>
          <Plough>0</Plough>
          <Water>0</Water>
          <Farm>0</Farm>
          <Vermin>0</Vermin>
          <Steal>0</Steal>
          <Grass>0</Grass>
        </FriendSetting>
        <FriendSetting>
          <UID>18375454</UID>
          <Name>黄芸</Name>
          <Plough>0</Plough>
          <Water>0</Water>
          <Farm>0</Farm>
          <Vermin>0</Vermin>
          <Steal>0</Steal>
          <Grass>0</Grass>
        </FriendSetting>
        <FriendSetting>
          <UID>18375424</UID>
          <Name>孙发</Name>
          <Plough>0</Plough>
          <Water>0</Water>
          <Farm>0</Farm>
          <Vermin>0</Vermin>
          <Steal>0</Steal>
          <Grass>0</Grass>
        </FriendSetting>
        <FriendSetting>
          <UID>18375544</UID>
          <Name>魏静</Name>
          <Plough>0</Plough>
          <Water>0</Water>
          <Farm>0</Farm>
          <Vermin>0</Vermin>
          <Steal>0</Steal>
          <Grass>0</Grass>
        </FriendSetting>
        <FriendSetting>
          <UID>18375436</UID>
          <Name>薛信</Name>
          <Plough>0</Plough>
          <Water>0</Water>
          <Farm>0</Farm>
          <Vermin>0</Vermin>
          <Steal>0</Steal>
          <Grass>0</Grass>
        </FriendSetting>
        <FriendSetting>
          <UID>18375478</UID>
          <Name>薛珍琳</Name>
          <Plough>0</Plough>
          <Water>0</Water>
          <Farm>0</Farm>
          <Vermin>0</Vermin>
          <Steal>0</Steal>
          <Grass>0</Grass>
        </FriendSetting>
        <FriendSetting>
          <UID>18375510</UID>
          <Name>余蕊</Name>
          <Plough>0</Plough>
          <Water>0</Water>
          <Farm>0</Farm>
          <Vermin>0</Vermin>
          <Steal>0</Steal>
          <Grass>0</Grass>
        </FriendSetting>
        <FriendSetting>
          <UID>18375536</UID>
          <Name>武志宁</Name>
          <Plough>0</Plough>
          <Water>0</Water>
          <Farm>0</Farm>
          <Vermin>0</Vermin>
          <Steal>0</Steal>
          <Grass>0</Grass>
        </FriendSetting>
      </FriendSettings>
    </AccountSetting>
    <AccountSetting>
      <LoginEmail>Farmer-09@tom.com</LoginEmail>
      <LoginPassword>8888888888</LoginPassword>
      <IsOperate>1</IsOperate>
      <AutoFarm>1</AutoFarm>
      <Crops>胡萝卜</Crops>
      <AutoWater>1</AutoWater>
      <WaterLowLimit>4</WaterLowLimit>
      <FriendWaterLowLimit>4</FriendWaterLowLimit>
      <AutoVermin>1</AutoVermin>
      <AutoPlough>1</AutoPlough>
      <AutoBuySeed>1</AutoBuySeed>
      <Seed>胡萝卜</Seed>
      <AutoHavest>1</AutoHavest>
      <AutoGrass>1</AutoGrass>
      <AutoSell>1</AutoSell>
      <IsUsingPrivateSetting>1</IsUsingPrivateSetting>
      <FriendSettings>
        <FriendSetting>
          <UID>18374099</UID>
          <Name>陆韵兰</Name>
          <Plough>0</Plough>
          <Water>1</Water>
          <Farm>0</Farm>
          <Vermin>0</Vermin>
          <Steal>1</Steal>
          <Grass>0</Grass>
        </FriendSetting>
        <FriendSetting>
          <UID>18375510</UID>
          <Name>余蕊</Name>
          <Plough>0</Plough>
          <Water>0</Water>
          <Farm>0</Farm>
          <Vermin>0</Vermin>
          <Steal>0</Steal>
          <Grass>0</Grass>
        </FriendSetting>
        <FriendSetting>
          <UID>18375478</UID>
          <Name>薛珍琳</Name>
          <Plough>0</Plough>
          <Water>0</Water>
          <Farm>0</Farm>
          <Vermin>0</Vermin>
          <Steal>0</Steal>
          <Grass>0</Grass>
        </FriendSetting>
        <FriendSetting>
          <UID>18375463</UID>
          <Name>方光</Name>
          <Plough>0</Plough>
          <Water>0</Water>
          <Farm>0</Farm>
          <Vermin>0</Vermin>
          <Steal>0</Steal>
          <Grass>0</Grass>
        </FriendSetting>
        <FriendSetting>
          <UID>18375454</UID>
          <Name>黄芸</Name>
          <Plough>0</Plough>
          <Water>0</Water>
          <Farm>0</Farm>
          <Vermin>0</Vermin>
          <Steal>0</Steal>
          <Grass>0</Grass>
        </FriendSetting>
        <FriendSetting>
          <UID>18375544</UID>
          <Name>魏静</Name>
          <Plough>0</Plough>
          <Water>0</Water>
          <Farm>0</Farm>
          <Vermin>0</Vermin>
          <Steal>0</Steal>
          <Grass>0</Grass>
        </FriendSetting>
        <FriendSetting>
          <UID>18375424</UID>
          <Name>孙发</Name>
          <Plough>0</Plough>
          <Water>0</Water>
          <Farm>0</Farm>
          <Vermin>0</Vermin>
          <Steal>0</Steal>
          <Grass>0</Grass>
        </FriendSetting>
        <FriendSetting>
          <UID>18375436</UID>
          <Name>薛信</Name>
          <Plough>0</Plough>
          <Water>0</Water>
          <Farm>0</Farm>
          <Vermin>0</Vermin>
          <Steal>0</Steal>
          <Grass>0</Grass>
        </FriendSetting>
        <FriendSetting>
          <UID>18375520</UID>
          <Name>王枫静</Name>
          <Plough>0</Plough>
          <Water>0</Water>
          <Farm>0</Farm>
          <Vermin>0</Vermin>
          <Steal>0</Steal>
          <Grass>0</Grass>
        </FriendSetting>
      </FriendSettings>
    </AccountSetting>
    <AccountSetting>
      <LoginEmail>Farmer-10@tom.com</LoginEmail>
      <LoginPassword>8888888888</LoginPassword>
      <IsOperate>1</IsOperate>
      <AutoFarm>1</AutoFarm>
      <Crops>胡萝卜</Crops>
      <AutoWater>1</AutoWater>
      <WaterLowLimit>4</WaterLowLimit>
      <FriendWaterLowLimit>4</FriendWaterLowLimit>
      <AutoVermin>1</AutoVermin>
      <AutoPlough>1</AutoPlough>
      <AutoBuySeed>1</AutoBuySeed>
      <Seed>胡萝卜</Seed>
      <AutoHavest>1</AutoHavest>
      <AutoGrass>1</AutoGrass>
      <AutoSell>1</AutoSell>
      <IsUsingPrivateSetting>0</IsUsingPrivateSetting>
      <FriendSettings>
        <FriendSetting>
          <UID>18374099</UID>
          <Name>陆韵兰</Name>
          <Plough>0</Plough>
          <Water>1</Water>
          <Farm>0</Farm>
          <Vermin>0</Vermin>
          <Steal>1</Steal>
          <Grass>0</Grass>
        </FriendSetting>
        <FriendSetting>
          <UID>18375536</UID>
          <Name>武志宁</Name>
          <Plough>0</Plough>
          <Water>0</Water>
          <Farm>0</Farm>
          <Vermin>0</Vermin>
          <Steal>0</Steal>
          <Grass>0</Grass>
        </FriendSetting>
        <FriendSetting>
          <UID>18375520</UID>
          <Name>王枫静</Name>
          <Plough>0</Plough>
          <Water>0</Water>
          <Farm>0</Farm>
          <Vermin>0</Vermin>
          <Steal>0</Steal>
          <Grass>0</Grass>
        </FriendSetting>
        <FriendSetting>
          <UID>18375510</UID>
          <Name>余蕊</Name>
          <Plough>0</Plough>
          <Water>0</Water>
          <Farm>0</Farm>
          <Vermin>0</Vermin>
          <Steal>0</Steal>
          <Grass>0</Grass>
        </FriendSetting>
        <FriendSetting>
          <UID>18375463</UID>
          <Name>方光</Name>
          <Plough>0</Plough>
          <Water>0</Water>
          <Farm>0</Farm>
          <Vermin>0</Vermin>
          <Steal>0</Steal>
          <Grass>0</Grass>
        </FriendSetting>
        <FriendSetting>
          <UID>18375454</UID>
          <Name>黄芸</Name>
          <Plough>0</Plough>
          <Water>0</Water>
          <Farm>0</Farm>
          <Vermin>0</Vermin>
          <Steal>0</Steal>
          <Grass>0</Grass>
        </FriendSetting>
        <FriendSetting>
          <UID>18375436</UID>
          <Name>薛信</Name>
          <Plough>0</Plough>
          <Water>0</Water>
          <Farm>0</Farm>
          <Vermin>0</Vermin>
          <Steal>0</Steal>
          <Grass>0</Grass>
        </FriendSetting>
        <FriendSetting>
          <UID>18375424</UID>
          <Name>孙发</Name>
          <Plough>0</Plough>
          <Water>0</Water>
          <Farm>0</Farm>
          <Vermin>0</Vermin>
          <Steal>0</Steal>
          <Grass>0</Grass>
        </FriendSetting>
        <FriendSetting>
          <UID>18375478</UID>
          <Name>薛珍琳</Name>
          <Plough>0</Plough>
          <Water>0</Water>
          <Farm>0</Farm>
          <Vermin>0</Vermin>
          <Steal>0</Steal>
          <Grass>0</Grass>
        </FriendSetting>
      </FriendSettings>
    </AccountSetting>
  </AccountSettings>
</Settings>